<?xml version="1.0" encoding="UTF-8"?>
<!DOCTYPE hibernate-mapping PUBLIC "-//Hibernate/Hibernate Mapping DTD 3.0//EN" "http://hibernate.sourceforge.net/hibernate-mapping-3.0.dtd" >
<hibernate-mapping package="com.ie.icon.domain">
	<class name="ArticleOCPBFeatureSize" table="ARTICLE_OCPB_FEATURE_SIZE">
		<composite-id name="articleOCPBFeatureSizeId" class="ArticleOCPBFeatureSize$Id">
			<key-property name="articleId" column="ARTC_ID" type="string"/>
			<key-property name="articleSize" column="ARTICLE_SIZE" type="string"/>
		</composite-id>
		<many-to-one name="article" column="ARTC_ID" insert="false" update="false" lazy="false" not-null="true"/>
		<property name="isActive" column="IS_ACTIVE" type="yes_no"/>
		<property name="lastPublishedDateTime" column="LAST_PUB_DTTM" type="timestamp"/>
		<property name="refPubId" column="REF_PUB_ID" type="string"/>
	</class>
</hibernate-mapping>
