<?xml version="1.0" encoding="UTF-8"?>
<!DOCTYPE hibernate-mapping PUBLIC "-//Hibernate/Hibernate Mapping DTD 3.0//EN" "http://hibernate.sourceforge.net/hibernate-mapping-3.0.dtd" >
<hibernate-mapping package="com.ie.icon.domain.promotion">
	<class name="BlockCodeCoverage" table="BLOCK_CODE_CVRGE">
		<composite-id name="blockCodeCoverageId" class="BlockCodeCoverage$Id">
			<key-property name="blockCodeId" column="BLOCK_CODE_ID" type="string"/>
			<key-property name="promotionOid" column="PRMTN_OID" type="long"/>
		</composite-id>
		<many-to-one name="promotion" column="PRMTN_OID" lazy="false" insert="false" update="false" not-null="true"/>
		<many-to-one name="blockCode" column="BLOCK_CODE_ID" lazy="false" insert="false" update="false" not-null="true"/>
	</class>
</hibernate-mapping>
