<?xml version="1.0" encoding="UTF-8"?>
<!DOCTYPE hibernate-mapping PUBLIC "-//Hibernate/Hibernate Mapping DTD 3.0//EN" "http://hibernate.sourceforge.net/hibernate-mapping-3.0.dtd" >
<hibernate-mapping package="com.ie.icon.domain.cashier">
	<class name="CashierTransactionAdjustItem" table="CSH_TRN_ADJ_ITEM">
		<id name="objectId" column="CSH_TRN_ADJ_ITEM_OID" type="long"> 
			<generator class="sequence">
				<param name="sequence">CSH_TRN_ADJ_ITEM_SEQ</param>
			</generator>
		</id>
		<many-to-one name="cashierTransactionAdjust" column="CSH_TRN_ADJ_OID" lazy="false" not-null="true"/>
		<many-to-one name="cashierAdjustType" column="CSH_ADJ_TYP_ID" lazy="false" not-null="true"/>
		<property name="tenderId" column="TENDER_ID" type="string"/>	
		<property name="creditTenderId" column="CREDIT_TENDER_ID" type="string"/>	
		<property name="tranAmt" column="TRN_AMT" type="big_decimal"/>
		<property name="posId" column="POS_ID" type="string"/>
		<property name="ticketNo" column="TICKET_NO" type="string"/>		
		<property name="userId" column="USER_ID" type="string"/>			
		<property name="userNm" column="USER_NM" type="string"/>			
		<property name="refInfo" column="REF_INFO" type="string"/>			
		<property name="businessArea" column="BU" type="string"/>			
		<property name="causeGroupDesc" column="CAUSE_GRP_DESC" type="string"/>			
		<property name="creditCardNo" column="CREDIT_CARD_NO" type="string" />
		<property name="cnNo" column="CN_NO" type="string" />
	</class>
</hibernate-mapping>
