<?xml version="1.0" encoding="UTF-8"?>
<!DOCTYPE hibernate-mapping PUBLIC "-//Hibernate/Hibernate Mapping DTD 3.0//EN" "http://hibernate.sourceforge.net/hibernate-mapping-3.0.dtd" >
<hibernate-mapping package="com.ie.icon.domain.cashier">
	<class name="CashierManagerTender" table="CSH_MANAGE_TENDER">
		<id name="objectId" column="CSH_MANAGE_TENDER_OID" type="long">
			<generator class="sequence">
				<param name="sequence">CSH_MANAGE_TENDER_SEQ</param>
			</generator>
		</id>
		<property name="transactionDate" column="TRN_DT" type="date"/>
		<many-to-one name="store" column="STORE_ID" lazy="false" not-null="false"/>
		<many-to-one name="tender" column="TENDER_ID" lazy="false" not-null="false"/>
		<property name="cashierManageType" column="CSH_MANAGE_TYP" type="string"/>		
		<property name="transactionAmount" column="TRN_AMT" type="big_decimal"/>
		<property name="createDttm" column="CREATE_DTTM" type="timestamp"/>		
		<property name="createUserId" column="CREATE_USER_ID" type="string"/>
		<property name="rate" column="RATE" type="big_decimal"/>
		<property name="ratePayment" column="RATE_PAYMENT" type="string"/>
		<property name="creditCardNo" column="CR_CARD_NO" type="string"/>
		<property name="receiveFrom" column="RECEIVE_FROM" type="string"/>
		<property name="numTrns" column="NUM_TRNS" type="integer"/>
		<property name="numMonth" column="NUM_MONTH" type="integer"/>
		<property name="refInfo" column="REF_INFO" type="string"/>
		<property name="isActive" column="IS_ACTIVE" type="yes_no"/>
		<property name="lastUpdateDate" column="LAST_UPD_DTTM" type="timestamp"/>	
		<property name="lastUpdateUser" column="UPDATE_USER_ID" type="string"/>
		<property name="refPubId" column="REF_PUB_ID" type="string"/>
		<property name="manageDate" column="MANAGE_DT" type="date"/>
	</class>
</hibernate-mapping>
