<?xml version="1.0" encoding="UTF-8"?>
<!DOCTYPE hibernate-mapping PUBLIC "-//Hibernate/Hibernate Mapping DTD 3.0//EN" "http://hibernate.sourceforge.net/hibernate-mapping-3.0.dtd" >
<hibernate-mapping package="com.ie.icon.domain">
	<class name="CreditCard" table="CR_CARD">
		<id name="creditCardId" column="CR_CARD_ID" type="string"/>
		<property name="name" column="CR_CARD_NM" type="string"/>        
		<property name="createDateTime" column="CREATE_DTTM" type="timestamp"/>        
		<property name="createUserName" column="CREATE_USER_NM" type="string"/>        	
		<property name="lastUpdateDate" column="LAST_UPD_DTTM" type="timestamp"/>
		<property name="lastUpdateUser" column="LAST_UPD_USER" type="string"/>
		<property name="lastPublishedDateTime" column="LAST_PUB_DTTM" type="timestamp"/>
		<property name="referencePublishId" column="REF_PUB_ID" type="string"/>		     
		<bag name="creditCardRanges" inverse="true" lazy="false" cascade="all-delete-orphan">
			<key column="CR_CARD_ID" not-null="true"/>
			<one-to-many class="CreditCardRange"/>
		</bag>
	</class>
</hibernate-mapping>
