<?xml version="1.0" encoding="UTF-8"?>
<!DOCTYPE hibernate-mapping PUBLIC "-//Hibernate/Hibernate Mapping DTD 3.0//EN" "http://hibernate.sourceforge.net/hibernate-mapping-3.0.dtd" >
<hibernate-mapping package="com.ie.icon.domain.customer">
	<class name="CustomerGroup" table="CUST_GRP">
		<id name="customerGroupId" column="CUST_GRP_ID" type="string"/>        
		<property name="name" column="CUST_GRP_NM" type="string"/>        
		<property name="isPromotionParticipation" column="IS_PRMTN_PARTICIPATION" type="yes_no"/>
		<property name="lastUpdateDate" column="LAST_UPD_DTTM" type="timestamp"/>
		<property name="lastPublishedDateTime" column="LAST_PUB_DTTM" type="timestamp"/>
		<property name="referencePublishId" column="REF_PUB_ID" type="string"/>
	</class>
</hibernate-mapping>
