<?xml version="1.0" encoding="UTF-8"?>
<!DOCTYPE hibernate-mapping PUBLIC "-//Hibernate/Hibernate Mapping DTD 3.0//EN" "http://hibernate.sourceforge.net/hibernate-mapping-3.0.dtd" >
<hibernate-mapping package="com.ie.icon.domain">
	<class name="DCProfile" table="DC_PRF">
		<id name="dcProfileId" column="DC_PRF_ID" type="string"/>
		<property name="name" column="DC_PRF_NM" type="string"/>
		<property name="abb" column="ABBRV" type="string"/>
		<property name="lastUpdateDate" column="LAST_UPD_DTTM" type="timestamp"/>
		<property name="lastPublishedDateTime" column="LAST_PUB_DTTM" type="timestamp"/>
		<property name="referencePublishId" column="REF_PUB_ID" type="string"/>  
	</class>
</hibernate-mapping>
