<?xml version="1.0" encoding="UTF-8"?>
<!DOCTYPE hibernate-mapping PUBLIC "-//Hibernate/Hibernate Mapping DTD 3.0//EN" "http://hibernate.sourceforge.net/hibernate-mapping-3.0.dtd" >
<hibernate-mapping package="com.ie.icon.domain.log">
	<class name="ErrorMessageLog" table="ERROR_MSG_LOG">
		<id name="objectId" column="MSG_LOG_OID" type="long">
			<generator class="sequence">
				<param name="sequence">ERR_MSG_LOG_SEQ</param>
			</generator>
		</id>
		<property name="storeId" column="STORE_ID" type="string"/>
		<property name="reference1" column="REF_1" type="string"/>
		<property name="reference2" column="REF_2" type="string"/>
		<property name="messageFormat" column="MSG_FORMAT" type="string"/>
		<property name="messageType" column="MSG_TYP" type="string"/>
		<property name="errorType" column="ERROR_TYP" type="string"/>
		<property name="messageDateTime" column="MSG_DTTM" type="timestamp"/>
		<property name="transactionDate" column="TRN_DT" type="date"/>
		<property name="errorMessage" column="ERROR_MSG" type="string"/>
		<property name="remark" column="REMARK" type="string"/>
	</class>
</hibernate-mapping>
