<?xml version="1.0" encoding="UTF-8"?>
<!DOCTYPE hibernate-mapping PUBLIC "-//Hibernate/Hibernate Mapping DTD 3.0//EN" "http://hibernate.sourceforge.net/hibernate-mapping-3.0.dtd" >
<hibernate-mapping package="com.ie.icon.domain.so">
	<class name="GstRate" table="GST_RATE">
		<id name="gstRateOid" column="GST_RATE_OID" type="long">
			<generator class="sequence">
				<param name="sequence">GST_RATE_SEQ</param>
			</generator>
		</id>
		<property name="gstRateId" column="GST_RATE_ID" type="string"/>
		<property name="gstRateNM" column="GST_RATE_NM" type="string"/>
		<property name="gstRate" column="GST_RATE" type="long"/>
		<property name="createDateTime" column="CREATE_DTTM" type="timestamp"/>
		<property name="lastUpdateDate" column="LAST_UPD_DTTM" type="timestamp"/>
		<property name="lastPublishedDateTime" column="LAST_PUB_DTTM" type="timestamp"/>
		<property name="refPubId" column="REF_PUB_ID" type="string"/>
	</class>
</hibernate-mapping>