<?xml version="1.0" encoding="UTF-8"?>
<!DOCTYPE hibernate-mapping PUBLIC "-//Hibernate/Hibernate Mapping DTD 3.0//EN" "http://hibernate.sourceforge.net/hibernate-mapping-3.0.dtd" >
<hibernate-mapping package="com.ie.icon.domain.promotion">
	<class name="HirePurchaseFileImport" table="HP_FILE_IMPRT">
		<id name="objectId" column="FILE_IMPRT_OID" type="long">
			<generator class="sequence">
				<param name="sequence">HP_FILE_IMPRT_SEQ</param>
			</generator>
		</id>
		<property name="fileName" column="FILE_NM" type="string"/>
		<property name="status" column="STS" type="character"/>
		<property name="remark" column="REMARK" type="string"/>
		<property name="importDateTime" column="IMPRT_DTTM" type="timestamp"/>
		<property name="importUser" column="IMPRT_USER" type="string"/>
		<property name="successRec" column="SUS_REC" type="integer"/>
		<property name="nomapRec" column="NOMAP_REC" type="integer"/>
		<property name="errorRec" column="ERR_REC" type="integer"/>
		<property name="totalRec" column="TOT_REC" type="integer"/>
	</class>
</hibernate-mapping>
