<?xml version="1.0" encoding="UTF-8"?>
<!DOCTYPE hibernate-mapping PUBLIC "-//Hibernate/Hibernate Mapping DTD 3.0//EN" "http://hibernate.sourceforge.net/hibernate-mapping-3.0.dtd" >
<hibernate-mapping package="com.ie.icon.domain.promotion">
	<class name="HirePurchaseOffering" table="HP_OFFRNG">
		<id name="objectId" column="HP_OFFRNG_OID" type="long"/>
		<property name="fileImportOID" column="FILE_IMPRT_OID" type="long"/>
		<property name="hirePurchaseType" column="HP_TYP" type="character"/>
		<property name="bank" column="BANK_ID" type="string"/>
		<property name="card" column="CARD" type="string"/>
		<many-to-one name="store" column="STORE_ID" lazy="false" not-null="false"/>
		<property name="offeringReference" column="OFFRNG_REF" type="string"/>
		<property name="effectiveDate" column="EFFECTIVE_DT" type="date"/>
		<property name="endDate" column="END_DT" type="date"/>
		<property name="lastUpdateDate" column="LAST_UPD_DTTM" type="timestamp"/>
		<property name="lastUpdateUser" column="LAST_UPD_USER" type="string"/>
		<property name="lastPublishedDateTime" column="LAST_PUB_DTTM" type="timestamp"/>
		<property name="referencePublishId" column="REF_PUB_ID" type="string"/>
		<bag name="items" inverse="true" lazy="false" cascade="all-delete-orphan">
			<key column="HP_OFFRNG_OID" not-null="true"/>
			<one-to-many class="HirePurchaseOfferingItem"/>
		</bag>
	</class>
</hibernate-mapping>
