<?xml version="1.0" encoding="UTF-8"?>
<!DOCTYPE hibernate-mapping PUBLIC "-//Hibernate/Hibernate Mapping DTD 3.0//EN" "http://hibernate.sourceforge.net/hibernate-mapping-3.0.dtd" >
<hibernate-mapping package="com.ie.icon.domain.customer">
	<class name="HirePurchaseCompany" table="HIRE_PURCHASE_COMP">
		<id name="objectId" column="HIRE_PURCHASE_COMP_OID" type="long"/>
		<many-to-one name="customer" column="CUST_OID" lazy="false" not-null="true"/>
		<property name="startDate" column="START_DT" type="date"/>        
		<property name="endDate" column="END_DT" type="date"/>        
		<property name="createDateTime" column="CREATE_DTTM" type="timestamp"/>        
		<property name="createUserName" column="CREATE_USER_NM" type="string"/>
		<property name="lastUpdateDate" column="LAST_UPD_DTTM" type="timestamp"/>
		<property name="lastUpdateUser" column="LAST_UPD_USER" type="string"/>
		<property name="lastPublishedDateTime" column="LAST_PUB_DTTM" type="timestamp"/>
		<property name="referencePublishId" column="REF_PUB_ID" type="string"/>    
	</class>
</hibernate-mapping>
