<?xml version="1.0" encoding="UTF-8"?>
<!DOCTYPE hibernate-mapping PUBLIC "-//Hibernate/Hibernate Mapping DTD 3.0//EN" "http://hibernate.sourceforge.net/hibernate-mapping-3.0.dtd" >
<hibernate-mapping package="com.ie.icon.domain.so">
	<class name="MainProductType" table="M_DS_PRDTYPE">
		<id name="mainProductTypeId" column="PRDTYPE" type="string"/>
		<property name="description" column="DESCRIPTION" type="string"/>
		<property name="createDateTime" column="CRDATE" type="timestamp"/>
		<property name="lastUpdateDate" column="LAST_UPD_DTTM" type="timestamp"/>
		<property name="lastPublishedDateTime" column="LAST_PUB_DTTM" type="timestamp"/>
		<property name="referencePublishId" column="REF_PUB_ID" type="string"/>
	</class>
</hibernate-mapping>
