<?xml version="1.0" encoding="UTF-8"?>
<!DOCTYPE hibernate-mapping PUBLIC "-//Hibernate/Hibernate Mapping DTD 3.0//EN" "http://hibernate.sourceforge.net/hibernate-mapping-3.0.dtd" >
<hibernate-mapping package="com.ie.icon.domain.customer">
	<class name="MemberRewardType" table="MBR_RWD_TYP">
		<id name="memberRewardTypeId" column="MBR_RWD_TYP_ID" type="string"/>
		<property name="name" column="MBR_RWD_TYP_NM" type="string"/>        
		<property name="collectionType" column="COL_TYP" type="character"/>        
		<property name="status" column="MBR_RWD_TYP_STS" type="character"/>
		<property name="createUserName" column="CREATE_USER_NM" type="string"/>
		<property name="createDateTime" column="CREATE_DTTM" type="timestamp"/>
		<property name="lastModifyUser" column="LAST_MODIFY_USER" type="string"/>
		<property name="lastModifyDateTime" column="LAST_MODIFY_DTTM" type="timestamp"/>
		<bag name="memberRewardPrivileges" inverse="true" lazy="false" cascade="all-delete-orphan">
			<key column="MBR_RWD_TYP_ID" not-null="true"/>
			<one-to-many class="MemberRewardPrivilege"/>
		</bag>
	</class>
</hibernate-mapping>
