<?xml version="1.0" encoding="UTF-8"?>
<!DOCTYPE hibernate-mapping PUBLIC "-//Hibernate/Hibernate Mapping DTD 3.0//EN" "http://hibernate.sourceforge.net/hibernate-mapping-3.0.dtd" >
<hibernate-mapping package="com.ie.icon.domain.customer">
	<class name="PartnerFunctionType" table="PARTNER_FUNC_TYP">
		<id name="partnerFunctionTypeId" column="PARTNER_FUNC_TYP_ID" type="string"/>
		<property name="name" column="PARTNER_FUNC_TYP_NM" type="string"/>
		<property name="sapDisplay" column="SAP_DISPLAY" type="string"/>
		<property name="lastUpdateDate" column="LAST_UPD_DTTM" type="timestamp"/>
		<property name="lastPublishedDateTime" column="LAST_PUB_DTTM" type="timestamp"/>
		<property name="referencePublishId" column="REF_PUB_ID" type="string"/>
	</class>
</hibernate-mapping>
