<?xml version="1.0" encoding="UTF-8"?>
<!DOCTYPE hibernate-mapping PUBLIC "-//Hibernate/Hibernate Mapping DTD 3.0//EN" "http://hibernate.sourceforge.net/hibernate-mapping-3.0.dtd" >
<hibernate-mapping package="com.ie.icon.domain.authentication">
	<class name="PasswordHistory" table="PSSWD_HIS">
		<id name="objectId" column="PSSWD_HIS_OID" type="long">
			<generator class="sequence">
				<param name="sequence">PSSWD_HIS_SEQ</param>
			</generator>
		</id>
		<property name="password" column="PSSWD" type="string"/>
		<property name="startDate" column="START_DT" type="date"/>
		<property name="endDate" column="END_DT" type="date"/>
		<many-to-one name="user" column="USER_OID" lazy="false" not-null="true"/>
	</class>
</hibernate-mapping>
