<?xml version="1.0" encoding="UTF-8"?>
<!DOCTYPE hibernate-mapping PUBLIC "-//Hibernate/Hibernate Mapping DTD 3.0//EN" "http://hibernate.sourceforge.net/hibernate-mapping-3.0.dtd" >
<hibernate-mapping package="com.ie.icon.domain.authentication">
	<class name="PasswordPolicy" table="PSSWD_POLICY">
		<id name="objectId" column="PSSWD_POLICY_OID" type="long"/>
		<property name="code" column="PSSWD_POLICY_CD" type="string"/>
		<property name="name" column="PSSWD_POLICY_NM" type="string"/>
		<property name="description" column="PSSWD_POLICY_DSC" type="string"/>
		<property name="isAllowedExpired" column="IS_ALLOWED_EXP" type="yes_no"/>
		<property name="numOfDaysExpired" column="NUM_DAYS_EXP" type="integer"/>
		<property name="isHistoryKept" column="IS_HIS_KEPT" type="yes_no"/>
		<property name="numOfHistoriesKept" column="NUM_HIS_KEPT" type="integer"/>
		<property name="isLockedOutAllowed" column="IS_LOCKED_OUT_ALLOWED" type="yes_no"/>
		<property name="numOfFailedAttempts" column="NUM_FAILED_ATTMPS" type="integer"/>
		<property name="minPasswordRange" column="MIN_PASSWD_RANGE" type="integer"/>
		<property name="maxPasswordRange" column="MAX_PASSWD_RANGE" type="integer"/>
		<property name="lastUpdateDate" column="LAST_UPD_DTTM" type="timestamp"/>
		<property name="lastUpdateUser" column="LAST_UPD_USER" type="string"/>
		<property name="lastPublishedDateTime" column="LAST_PUB_DTTM" type="timestamp"/>
		<property name="referencePublishId" column="REF_PUB_ID" type="string"/>
	</class>
</hibernate-mapping>
