<?xml version="1.0" encoding="UTF-8"?>
<!DOCTYPE hibernate-mapping PUBLIC "-//Hibernate/Hibernate Mapping DTD 3.0//EN" "http://hibernate.sourceforge.net/hibernate-mapping-3.0.dtd" >
<hibernate-mapping package="com.ie.icon.domain.so">  
	<class name="ProfitCenter" table="PROFIT_CENTER">  
		<id name="profitCenterId" column="PROFIT_CENTER_ID" type="string" />
		<property name="description" column="PROFIT_CENTER_DESC" type="string" />
		<property name="isActive" column="IS_ACTIVE" type="yes_no" />
		<property name="lastUpdateDate" column="LAST_UPD_DTTM" type="timestamp"/>
		<property name="lastPublishedDateTime" column="LAST_PUB_DTTM" type="timestamp"/>
		<property name="referencePublishId" column="REF_PUB_ID" type="string"/> 
	</class>
</hibernate-mapping>
