<?xml version="1.0" encoding="UTF-8"?>
<!DOCTYPE hibernate-mapping PUBLIC "-//Hibernate/Hibernate Mapping DTD 3.0//EN" "http://hibernate.sourceforge.net/hibernate-mapping-3.0.dtd" >
<hibernate-mapping package="com.ie.icon.domain.promotion">
	<class name="PromotionArticle" table="PRMTN_ARTC">
		<id name="promotionArticleId" column="PRMTN_ARTC_ID" type="string"/>
		<many-to-one name="promotionArticleType" column="PRMTN_ARTC_TYP_ID" lazy="false" not-null="true"/>
		<property name="description" column="PRMTN_ARTC_DSC" type="string"/>
		<property name="unit" column="UNIT" type="string"/>
		<property name="effectiveDate" column="EFFECTIVE_DT" type="date"/>
		<property name="endDate" column="END_DT" type="date"/>
		<property name="lastUpdateDate" column="LAST_UPD_DTTM" type="timestamp"/>
		<property name="lastPublishedDateTime" column="LAST_PUB_DTTM" type="timestamp"/>
		<property name="referencePublishId" column="REF_PUB_ID" type="string"/>
	</class>
</hibernate-mapping>
