<?xml version="1.0" encoding="UTF-8"?>
<!DOCTYPE hibernate-mapping PUBLIC "-//Hibernate/Hibernate Mapping DTD 3.0//EN" "http://hibernate.sourceforge.net/hibernate-mapping-3.0.dtd" >
<hibernate-mapping package="com.ie.icon.domain.promotion">
	<class name="PromotionArticleTier" table="PRMTN_ARTC_TIER">
		<id name="objectId" column="TIER_OID" type="long"/>
		<many-to-one name="promotion" column="PRMTN_OID" lazy="false" not-null="true"/>
		<property name="tierValue" column="TIER_VAL" type="big_decimal"/>
		<bag name="promotionArticleOptions" inverse="true" lazy="false" cascade="all">
			<key column="TIER_OID"/>
			<one-to-many class="PromotionArticleOption"/>
		</bag>
	</class>
</hibernate-mapping>
