<?xml version="1.0" encoding="UTF-8"?>
<!DOCTYPE hibernate-mapping PUBLIC "-//Hibernate/Hibernate Mapping DTD 3.0//EN" "http://hibernate.sourceforge.net/hibernate-mapping-3.0.dtd" >
<hibernate-mapping package="com.ie.icon.domain.so">
	<class name="ProvinceDistrict" table="M_DS_PROVDIST">
		<composite-id name="provinceDistrictId" class="ProvinceDistrict$Id">
			<key-property name="shippingPointId" column="SHIPPNT" type="string"/>
			<key-property name="data1" column="DATA1" type="string"/>
			<key-property name="provinceId" column="PVNO" type="string"/>
			<key-property name="districtId" column="DTNO" type="string"/>
		</composite-id>
		<many-to-one name="shippingPoint" column="SHIPPNT" lazy="false" insert="false" update="false" not-null="true"/> 
		<many-to-one name="province" column="PVNO" lazy="false" insert="false" update="false" not-null="true"/> 
		<many-to-one name="district" column="DTNO" lazy="false" insert="false" update="false" not-null="true"/> 
		<property name="status" column="STATUS" type="character"/>
		<property name="createDateTime" column="CRDATE" type="timestamp"/>
		<property name="lastUpdateDate" column="LAST_UPD_DTTM" type="timestamp"/>
		<property name="lastPublishedDateTime" column="LAST_PUB_DTTM" type="timestamp"/>
		<property name="referencePublishId" column="REF_PUB_ID" type="string"/>
	</class>
</hibernate-mapping>
