<?xml version="1.0" encoding="UTF-8"?>
<!DOCTYPE hibernate-mapping PUBLIC "-//Hibernate/Hibernate Mapping DTD 3.0//EN" "http://hibernate.sourceforge.net/hibernate-mapping-3.0.dtd" >
<hibernate-mapping package="com.ie.icon.domain.so">
	<class name="SapReturnMsgLog" table="SAP_RET_MSG_LOG">
		<id name="objectId" column="SAP_RET_MSG_LOG_OID" type="long">
			<generator class="sequence">
				<param name="sequence">SAP_RET_MSG_LOG_SEQ</param>
			</generator>
		</id>
		<property name="sapFunctionName" column="SAP_FUNC_NM" type="string"/>
		<property name="functionType" column="FUNC_TYP" type="string"/>
		<property name="functionName" column="FUNC_NM" type="string"/>
		<property name="tranDate" column="TRN_DT" type="date"/>
		<property name="createDateTime" column="CRATE_DTTM" type="timestamp"/>
		<property name="tranNo" column="TRN_NO" type="string"/>
		<bag name="sapReturnMsgLogItem" inverse="true" lazy="false" cascade="all">
			<key column="SAP_RET_MSG_LOG_OID" not-null="true"/>
			<one-to-many class="SapReturnMsgLogItem"/>
		</bag>
	</class>
</hibernate-mapping>
