<?xml version="1.0" encoding="UTF-8"?>
<!DOCTYPE hibernate-mapping PUBLIC "-//Hibernate/Hibernate Mapping DTD 3.0//EN" "http://hibernate.sourceforge.net/hibernate-mapping-3.0.dtd" >
<hibernate-mapping package="com.ie.icon.domain.mch">
	<class name="ScalingPrice" table="SCALING_PRICE">
		<id name="objectId" column="SCALING_PRICE_OID" type="long">
			<generator class="sequence">
				<param name="sequence">SCALING_PRICE_SEQ</param>
			</generator>
		</id>
		<property name="sellQuantity" column="SELL_QTY" type="big_decimal"/>        
		<property name="unitPrice" column="UNIT_PRICE" type="big_decimal"/>        
		<many-to-one name="articlePricing" column="PRICING_OID" lazy="false" not-null="true"/>		
	</class>
</hibernate-mapping>
