<?xml version="1.0" encoding="UTF-8"?>
<!DOCTYPE hibernate-mapping PUBLIC "-//Hibernate/Hibernate Mapping DTD 3.0//EN" "http://hibernate.sourceforge.net/hibernate-mapping-3.0.dtd" >
<hibernate-mapping package="com.ie.icon.domain">
	<class name="TaxCode" table="TAX_CODE">
		<id name="taxCodeId" column="TAX_CODE_ID" type="string"/>
		<property name="description" column="TAX_CODE_DSC" type="string"/>
		<property name="taxRate" column="TAX_RATE" type="big_decimal"/>
		<property name="lastUpdateDate" column="LAST_UPD_DTTM" type="timestamp"/>
		<property name="lastPublishedDateTime" column="LAST_PUB_DTTM" type="timestamp"/>
		<property name="referencePublishId" column="REF_PUB_ID" type="string"/>
	</class>
</hibernate-mapping>
