<?xml version="1.0" encoding="UTF-8"?>
<!DOCTYPE hibernate-mapping PUBLIC "-//Hibernate/Hibernate Mapping DTD 3.0//EN" "http://hibernate.sourceforge.net/hibernate-mapping-3.0.dtd" >
<hibernate-mapping package="com.ie.icon.domain.sale">
	<class name="TaxInvoice" table="TAX_INV">
		<id name="objectId" column="TAX_INV_OID" type="long">
			<generator class="sequence">
				<param name="sequence">TAX_INV_SEQ</param>
			</generator>
		</id>
		<many-to-one name="store" column="STORE_ID" lazy="false" not-null="true"/>
		<property name="taxInvoiceId" column="TAX_INV_ID" type="string"/>
		<property name="typeId" column="TAX_INV_TYP_ID" type="character"/>
		<property name="returnStatus" column="RETURN_STATUS" type="character"/>
		<property name="issueDate" column="ISSUE_DT" type="date"/>
		<property name="transactionDate" column="TRN_DT" type="date"/>
		<many-to-one name="customer" column="CUST_OID" lazy="false" not-null="true"/>
		<property name="customerName" column="CUST_NM" type="string"/>
		<property name="customerAddress" column="CUST_ADDR" type="string"/>
		<property name="totalTransactionAmount" column="TOT_TRN_AMT" type="big_decimal"/>
		<property name="totalDiscountAmount" column="TOT_DSCNT_AMT" type="big_decimal"/>
		<property name="totalVatTransactionAmount" column="TOT_VAT_TRN_AMT" type="big_decimal"/>
		<property name="netTransactionAmount" column="NET_TRN_AMT" type="big_decimal"/>
		<property name="vatTransactionAmount" column="VAT_TRN_AMT" type="big_decimal"/>
		<property name="netReturnedTransactionAmount" column="NET_RET_TRN_AMT" type="big_decimal"/>
		<property name="printCount" column="PRNT_COUNT" type="integer"/>
		<property name="salesTransactionType" column="SALES_TRN_TYP" type="character"/>
		<property name="posId" column="POS_ID" type="string"/>
		<property name="ticketNo" column="TICKET_NO" type="string"/>
		<property name="posRegisterNo" column="REGISTER_NO" type="string"/>
		<property name="isGoodsPresent" column="IS_GOODS_PRSNT" type="yes_no"/>
		<property name="remark" column="REMARK" type="string"/>
		<property name="createUserId" column="CREATE_USER_ID" type="string"/>
		<property name="createUserName" column="CREATE_USER_NM" type="string"/>
		<property name="createDateTime" column="CREATE_DTTM" type="timestamp"/>
		<property name="lastUpdateDate" column="LAST_UPD_DTTM" type="timestamp"/>
		<property name="lastUpdateUser" column="LAST_UPD_USER" type="string"/>
		<property name="saleDocumentNo" column="SALES_DOC_NO" type="string"/>
		<property name="sapCNBillNo" column="SAP_CN_BILL_NO" type="string"/>
		<property name="sapCNDoNo" column="SAP_CN_DO_NO" type="string"/>
		<property name="sapCNBillDate" column="SAP_CN_BILL_DATE" type="date"/>
		<property name="billType" column="BILL_TYP" type="string"/>
		<property name="refundId" column="REFUND_INV_ID" type="string"/>
		<property name="refundDate" column="REFUND_DT" type="date"/>
		<property name="salesStoreId" column="SALES_STORE_ID" type="string"/>	
		<many-to-one name="billToCustomer" column="BILL_CUST_OID" lazy="false" not-null="false"/>
		<bag name="taxInvoiceItems" inverse="true" lazy="false" cascade="all" order-by="SEQ_NO asc">
			<key column="TAX_INV_OID" not-null="true"/>
			<one-to-many class="TaxInvoiceItem"/>
		</bag>
		<bag name="invoiceTenders" inverse="true" lazy="false" cascade="all">
			<key column="TAX_INV_OID" not-null="true"/>
			<one-to-many class="InvoiceTender"/>
		</bag>
	</class>
</hibernate-mapping>
