<?xml version="1.0" encoding="UTF-8"?>
<!DOCTYPE hibernate-mapping PUBLIC "-//Hibernate/Hibernate Mapping DTD 3.0//EN" "http://hibernate.sourceforge.net/hibernate-mapping-3.0.dtd" >
<hibernate-mapping package="com.ie.icon.domain.vendorcoupon">
	<class name="transactionVendorCoupon" table="TRN_VENDOR_COUPON">
		<id name="trnVendorCouponId" column="TRN_VEMDOR_COUPON_ID" type="string"/>
		<property name="physicalYear" column="PHYSICAL_YEAR" type="string"/>
		<property name="physicalMonth" column="PHYSICAL_MONTH" type="string"/>
		<many-to-one name="storeId" column="STORE_ID" lazy="false" not-null="true"/>
		<many-to-one name="vendorId" column="VENDOR_ID" lazy="false" not-null="false" />
		<property name="postingDate" column="POSTING_DT" type="date"/>
		<property name="couponAmount" column="COUPON_AMT" type="big_decimal"/>
		<property name="documentNo" column="DOCUMENT_NO" type="string"/>
		<property name="vendorName" column="VENDOR_NM" type="string"/>
		<property name="createDate" column="CREATE_DTTM" type="date"/>
		<property name="createUserId" column="CREATE_USER_ID" type="string"/>
		<property name="lastUpdateDate" column="LAST_UPD_DTTM" type="timestamp"/>
		<property name="updateUserId" column="UPDATE_USER_ID" type="string"/>	
		<property name="interfaceDate" column="INF_DTTM" type="timestamp"/>	
		<property name="interfaceUserId" column="INF_USER_ID" type="string"/>
		<property name="typeId" column="TYP_ID" type="string"/>	
		
		<bag name="transactionVendorCouponItemId" lazy="true" cascade="delete" inverse="true">
			<key column="TransactionVendorCouponItemId" not-null="true"/>
			<one-to-many class="transactionVendorCouponItem"/>
		</bag>
		
		<bag name="transactionVendorCouponExpoId" lazy="true" cascade="delete" inverse="true">
			<key column="TransactionVendorCouponExpoId" not-null="true"/>
			<one-to-many class="transactionVendorCouponExpo"/>
		</bag>
		
	</class>
</hibernate-mapping>
