<?xml version="1.0" encoding="UTF-8"?>
<!DOCTYPE hibernate-mapping PUBLIC "-//Hibernate/Hibernate Mapping DTD 3.0//EN" "http://hibernate.sourceforge.net/hibernate-mapping-3.0.dtd" >
<hibernate-mapping package="com.ie.icon.domain.mch">
	<class name="ValuationClass" table="VALUATION_CLASS">
		<id name="valuationClassId" column="VALUATION_CLASS" type="string"/>
		<property name="description" column="DESCRIPTION" type="string"/>        
		<property name="createdDate" column="CREATE_DTTM" type="timestamp"/>
		<property name="lastUpdateDate" column="LAST_UPD_DTTM" type="timestamp"/>
		<property name="lastPublishedDateTime" column="LAST_PUB_DTTM" type="timestamp"/>
		<property name="referencePublishId" column="REF_PUB_ID" type="string"/>   	
	</class>
</hibernate-mapping>
