<?xml version="1.0" encoding="UTF-8"?>
<!DOCTYPE hibernate-mapping PUBLIC "-//Hibernate/Hibernate Mapping DTD 3.0//EN" "http://hibernate.sourceforge.net/hibernate-mapping-3.0.dtd" >
<hibernate-mapping package="com.ie.icon.domain.mch">
	<class name="VendorUPC" table="VENDOR_UPC">
		<id name="objectId" column="VENDOR_UPC_OID">
			<generator class="sequence">
				<param name="sequence">VENDOR_UPC_SEQ</param>
			</generator>
		</id>
		<many-to-one name="article" column="ARTC_ID" lazy="false" not-null="true" />
		<property name="sellUnit" column="SELL_UNIT" type="string" />
		<many-to-one name="vendor" column="VENDOR_ID" lazy="false" not-null="false" />
		<property name="vendorUPC" column="VENDOR_UPC" type="string" />
		<property name="isActive" column="IS_ACTIVE" type="yes_no" />
		<property name="lastUpdateDate" column="LAST_UPD_DTTM" type="timestamp"/>
		<property name="refIDocNo" column="REF_IDOC_NO" type="string"/>
		<property name="lastPublishedDateTime" column="LAST_PUB_DTTM" type="timestamp"/>
		<property name="referencePublishId" column="REF_PUB_ID" type="string"/>
	</class>
</hibernate-mapping>
