<?xml version="1.0" encoding="UTF-8"?>
<!DOCTYPE hibernate-mapping PUBLIC "-//Hibernate/Hibernate Mapping DTD 3.0//EN" "http://hibernate.sourceforge.net/hibernate-mapping-3.0.dtd" >
<hibernate-mapping package="com.ie.icon.domain.so">
	<class name="VWGstTax" table="VW_GST_TAX">
		<id name="gstTaxOid" column="GST_TAX_OID" type="long">
			<generator class="sequence">
				<param name="sequence">GST_TAX_SEQ</param>
			</generator>
		</id>
		<property name="gstCustTaxClassId" column="GST_CUST_TAX_CLASS_ID" type="string"/>
		<property name="gstArtcTaxClassId" column="GST_ARTC_TAX_CLASS_ID" type="string"/>
		<property name="gstSaleTaxClassId" column="GST_SALE_TAX_CLASS_ID" type="string"/>
		<property name="gstRateId" column="GST_RATE_ID" type="string"/>
		<property name="gstexcludeGstId" column="GST_EXCLUDE_GST_ID" type="string"/>
		
		<property name="custTaxNM" column="CUST_TAX_NM" type="string"/>
		<property name="artcTaxNM" column="ARTC_TAX_NM" type="string"/>
		<property name="salesTaxNM" column="SALES_TAX_NM" type="string"/>
		
		<property name="gstRateNM" column="GST_RATE_NM" type="string"/>
		<property name="gstExcludeGstNM" column="GST_EXCLUDE_GST_NM" type="string"/>
		
		<property name="status" column="STATUS" type="string"/>
		<property name="startDate" column="START_DT" type="date"/>
		<property name="endDate" column="END_DT" type="date"/>
		<property name="lateUpdate" column="LAST_DT" type="date"/>
		<property name="createDateTime" column="CREATE_DTTM" type="timestamp"/>
		<property name="lastUpdateDate" column="LAST_UPD_DTTM" type="timestamp"/>
		<property name="lastPublishedDateTime" column="LAST_PUB_DTTM" type="timestamp"/>
		<property name="refPubId" column="REF_PUB_ID" type="string"/>
	</class>
</hibernate-mapping>
