{
  "server_path1": "http://10.100.60.84:8529/MultibankAPI",
  "server_path": "http://localhost:8529",
  "verbs": {
    "treemenu": {
      "findall": "/api/treemenu/findall"
    },
    "holiday": {
      "holidays": "/api/holiday/holidays",
      "add": "/api/holiday/add",
      "delete": "/api/holiday/delete"
    },
    "auth": {
      "findbyid": "/api/auth/findbyid",
      "register": "/api/auth/signup",
      "resetpass": "/api/auth/changepassword",
      "login": "/api/auth/signin",
      "currentuser": "/api/user/currentuser"
    },
    "user": {
      "findall": "/api/user/findall",
      "update": "/api/user/update",
      "delete": "/api/user/delete"
    }
  }
}
