<beans xmlns="http://www.springframework.org/schema/beans"
	xmlns:xsi="http://www.w3.org/2001/XMLSchema-instance"
	xsi:schemaLocation="http://www.springframework.org/schema/beans
http://www.springframework.org/schema/beans/spring-beans-2.5.xsd">

	<bean id="customerService" class="com.company.services.CustomerService">
		<property name="name" value="Totoland" />
		<property name="url" value="http://www.kumpai.com" />
	</bean>

       
        <bean id="aopBeforeMethodBean" class="com.company.aop.AopBeforeMethod" />
        <bean id="aopBeforeMethodBean2" class="com.company.aop.AopBefore2" />
	<bean id="aopAroundMethodBean" class="com.company.aop.AopAroundMethod" />
        <bean id="aopAfterMethod" class="com.company.aop.AopAfterMethod" />
        <bean id="aopThrowException" class="com.company.aop.AopThrowException" />
        
        <bean id="customerServiceProxy" class="org.springframework.aop.framework.ProxyFactoryBean">

		<property name="target" ref="customerService" />

		<property name="interceptorNames">
			<list>
				<value>aopBeforeMethodBean2</value>
                                <value>aopAroundMethodBean</value>
                                <value>aopAfterMethod</value>
                                <value>aopThrowException</value>
			</list>
		</property>
	</bean>
</beans>