[
    {
        "text": "Home",
        "path": "/home"
    },
    {
        "text": "System Admin",
        "path": "/admin"
    },
    {
        "text": "Customer Management",
        "path": "/customermanagement"
    },
    {
        "text": "Cheque Management",
        "path": "/chequemanagement"
    },
    {
        "text": "Daily Process",
        "path": "/dailyprocess"
    },
    {
        "text": "Report",
        "path": "/report"
    },
    {
        "text": "Register",
        "path": "/register"
    }
]
